id;nom;image;image_content_type;type;lien
1;focus group;../fake-data/blob/hipster.png;image/png;Planner multi-byte ivory;Baby Plastic synergistic
2;granular;../fake-data/blob/hipster.png;image/png;Light Shoes coherent;CSS Avon withdrawal
3;Fresh;../fake-data/blob/hipster.png;image/png;Brand;CSS Springs overriding
4;Cotton Home Loan Account Qatar;../fake-data/blob/hipster.png;image/png;cultivate;transmitting Dynamic
5;Awesome invoice withdrawal;../fake-data/blob/hipster.png;image/png;Squares technologies;Producer override Practical Fresh Cheese
6;deposit;../fake-data/blob/hipster.png;image/png;Convertible Marks generate South Dakota;Checking Account Som Coordinator
7;human-resource Cliff parallelism;../fake-data/blob/hipster.png;image/png;Electronics mobile Checking Account;Chair extranet e-business
8;Alaska Checking Account maroon;../fake-data/blob/hipster.png;image/png;bluetooth;Soft Canada Assurance
9;Intelligent Niue;../fake-data/blob/hipster.png;image/png;port Bedfordshire;Officer
10;Credit Card Account;../fake-data/blob/hipster.png;image/png;Refined Granite Bacon back-end;Intelligent parsing
